key,text,notes,english
version,4.7,,4.7
pdf_title,Luchdaich a-nuas 6000 bliadhna de eachdraidh a ' chinne-daonna,,6000 years human history visualized
pdf_subject,ClÃ r-ama mac an duine,,Timeline of humankind
BCE,B.C.E.,,B.C.E.
CE,C.E.,,C.E.
year,bliadhna,"timespan, age (Adam was 130 years old when Shem was born)",year
years,bliadhnaichean,,years
years_age,bliadhnaichean,"years when used as age for a person (different word than years in some languages), like he is 23 years old ",years
age_kings, ,"if the word ""year"" appears after the numeral, like ""at the age of 35 years""", 
month,mÃ¬os,,month
months,mÃ¬osan,,months
day,latha,,day
days,lÃ ithean,,days
to,gu,,to
people,dhaoine,,people
judges,bhritheamhan,,judges
prophets,fÃ idhean,,prophets
kings,rÃ¬ghrean,,kings
periods,amannan,,periods
events,tachartasan,,events
objects,nithean no nithean,,objects or items
Deluge,Deluge,,Deluge
Adam,Adhamh,Luke 3:38,Adam
Seth,Seth,,Seth
Enosh,Enos,,Enosh
Kenan,Ceanan,,Kenan
Mahalalel,Mahaalalel,,Mahalalel
Jared,Jared,,Jared
Enoch,Enoch,,Enoch
Methuselah,Methuselah,Luke 3:37,Methuselah
Lamech,Lamech,,Lamech
Noah,Noah,,Noah
Shem,Sheum,,Shem
Arpachshad,Arpachshad,Luke 3:36,Arpachshad
Shelah,Shelah,,Shelah
Eber,Eber,,Eber
Peleg,Peleg,,Peleg
Reu,Reu,,Reu
Serug,Serug,Luke 3:35,Serug
Nahor,Nachor,Genesis 11:24 ,Nahor
Terah,Terah,,Terah
Abraham,Abrahaim,,Abraham
Isaac,Isaac,,Isaac
Jacob,Iacob,Luke 3:34,Jacob
Joseph,Ioseph,Genesis 37 ,Joseph
Moses,Mhaois,,Moses
Othniel,Othniel,Judges 3:9-11,Othniel
Ehud,Ehud,Judges 3:15-18,Ehud
Shamgar,Shamgar,Judges 3:31,Shamgar
Barak,Barac,Judges 4:6,Barak
Gideon,Gideon,Judges 7:1,Gideon
Tola,Tola,Judges 10:1,Tola
Jair,Jair,Judges 10:3,Jair
Jephthah,Iephthah,Judges 11:1,Jephthah
Ibzan,Ibsan,Judges 12:8,Ibzan
Elon,EÃ²in,Judges 12:11,Elon
Abdon,Abdon,Judges 12:13,Abdon
Samson,Samson,Judges 13:24,Samson
Samuel,Samuel,1 Samuel 1:20,Samuel
Saul,Shauil,1 Samuel 9:2,Saul
David,Daibhidh,1 Samuel 16:13,David
Solomon,Sholaimh,1 Kings 2:1,Solomon
Rehoboam,Rehoboam,first king of southern kingdom of Juda,Rehoboam
Abijah,Abiah (Aibiam),"3 years, also Abijam",Abijah (Abijam)
Asa,Asa,,Asa
Jehoshaphat,Iehobhah,bce_float = -y+1 - (12-m)/12 â€“ (31-d)/360,Jehoshaphat
Jehoram2,Iehoram,,Jehoram
Ahaziah,Ahasiah,,Ahaziah
Athaliah,Bhanrigh Athaliah,Queen Athaliah,Queen Athaliah
Jehoash,Iehobhah,,Jehoash
Amaziah,Amasiah,,Amaziah
Uzziah,Uzziah (Azariah),also Azariah,Uzziah (Azariah)
Jotham,Jotham,,Jotham
Ahaz,Ahas,,Ahaz
Hezekiah,Heseciah,,Hezekiah
Manasseh,Manaseh,,Manasseh
Amon,Amon,,Amon
Josiah,Iosiah,,Josiah
Jehoahaz,Iehoahas,Only 3 months,Jehoahaz
Jehoiakim,Iehoiacim,,Jehoiakim
Jehoiachin,Iehobhah,Only 3 months 10 days,Jehoiachin
Zedekiah,Sedeciah,,Zedekiah
Jeroboam,IerobÃ²am,first king of northern 10-tribe kingdom,Jeroboam
Nadab,Nadab,less than 2,Nadab
Baasha,Baasha,,Baasha
Elah,Eilidh,,Elah
Zimri,Simri,Only 7 days in ca. 751 BCE,Zimri
OmriTibni,Omri agus Tibni cÃ²mhla,4 years Omri and Tibni,Omri and Tibni together
Omri,Omri (leis fhÃ¨in),from 947 Omri alone,Omri (alone)
Ahab,Ahab,,Ahab
Jehoram,Iehoram,,Jehoram
Jehu,Iehobhah,,Jehu
Jeoahaz,Jeoahaz,,Jeoahaz
JeoahazJehoash,Ieoahas agus Iehoas,For 3 years Jeoahaz and Jeoash reigned together,Jeoahaz and Jehoash
Jehoash2,Iehoas (leis fhÃ¨in),Jehoash (alone),Jehoash (alone)
Jeroboam2,IerobÃ²am II,,Jeroboam II
Zechariah,Sechariah,"reign only recorded 6 months, probably only established 792 BCE",Zechariah
Schallum,Schallum,only one month,Schallum
Menahem,Menahem,,Menahem
Pekahiah,Pecahiah,,Pekahiah
Pekah,Pekah,,Pekah
Hoshea,Hoshea,9 years from c. 748,Hoshea
Elijah,Elias,,Elijah
Elisha,Elisha,,Elisha
Jonah,Ionah,,Jonah
Amos,Amos,,Amos
Joel,Joel,,Joel
Hosea,Hosea,,Hosea
Isaiah,Isaiah,,Isaiah
Micah,Micah,,Micah
Zephaniah,Zephaniah,,Zephaniah
Nahum,Nahum,,Nahum
Jeremiah,Ieremiah,,Jeremiah
Habakuk,Habacuc,,Habakuk
Daniel,Daniel,,Daniel
Ezekiel,Eseciel,,Ezekiel
Obadiah,Obadiah,,Obadiah
Malachi,Malachi,,Malachi
Ruth,Rut,,Ruth
Ezra,Ezra,,Ezra
Nehemiah,Nehemiah,,Nehemiah
Esther,Ester,,Esther
Job,Iob,,Job
moses2,1593 gu 1473 B.C.E. - 120 bliadhna,,1593 to 1473 B.C.E. â€“ 120 years
moses3,Mhaois,,Moses
wilderness,Israel anns an fhÃ sach 1513 gu 1473 BCE - 40 bliadhna,,Israel in the wilderness 1513 to 1473 B.C.E. â€“ 40 years
timespan_judges,1473 gu 1117 B.C.E. - 356 bliadhna,,1473 to 1117 B.C.E. â€“ 356 years
timespan_judges2,Am britheamhan,,Time of the judges
temple1,Nisan 1513 B.C.E. gu Ziv 1034 B.C.E.,,Nisan 1513 B.C.E. to Ziv 1034 B.C.E.
temple2,479 bliadhna gus an deach an teampall a thogail - 1 RÃ¬gh 6: 1,1034 BCE,479 years until the temple construction â€“ 1 Kings 6:1
69weeks,Bhaisteadh Iosa foghar 29 CE.,,Jesus baptized autumn 29 C.E.
69weeks2,69 seachdainean chun aâ€™ Mhesiah - Daniel 9:25,,69 weeks to the Messiah â€“ Daniel 9:25
jesus_service,"3.5 bliadhna de sheirbheis ÃŒosa, air a chur gu bÃ s Nisan 14mh, 33 CE.",,"3.5 years of Jesus service, executed Nisan 14th, 33 C.E."
jesus_life,Rugadh Iosa ann an 2 B.C.E.,,Jesus born 2 B.C.E.
exile,607 gu 537 B.C.E. - 70 bliadhna (Ieremiah 25:11),,607 to 537 B.C.E. â€“ 70 years (Jeremiah 25:11)
exile2,fÃ²garrach,,exile
7times,Taisbeanadh 12:9,,Revelation 12:9
7times2,7 tursan - 2520 bliadhna chun na RÃ¬oghachd Messianic 1914 CE (Daniel 4:23),,7 times â€“ 2520 years to the Messianic Kingdom 1914 C.E. (Daniel 4:23)
ww1,Aâ€™ Chiad Chogadh â€“ 1914â€“1918 CE.,,World War I â€“ 1914â€“1918 C.E.
ww2,An DÃ rna Cogadh - 1939-1945 CE.,,World War II â€“ 1939â€“1945 C.E.
30_year_war,Cogadh Trithead Bliadhna san Roinn EÃ²rpa 1618-1648,,Thirty Years' War in Europe 1618-1648
joshua,110 bliadhna,,110 years
joshua2,Iosua,,Joshua
caleb,cÃ²rr is 85 bliadhna,,more than 85 years
caleb2,Caleb,,Caleb
missionary1,"Ciad Turas Miseanaraidh PhÃ²il, c. 47-48 CE le Barnabas agus Iain Marc",,"First Missionary Journey of Paul, c. 47-48 C.E. with Barnabas and John Mark"
circumcision,"CÃ¹is an timcheall-ghearraidh ann an Antioch, co-labhairt ann an Ierusalem c. 49 C.E.",,"Circumcision issue at Antioch, conference in Jerusalem c. 49 C.E."
missionary2,An Dara Turas Miseanaraidh c. 49-52 CE le Silas (Silvanus),,Second Missionary Journey c. 49-52 C.E with Silas (Silvanus)
missionary3,An Treas Turas Miseanaraidh c. 52-56 C.E.,,Third Missionary Journey c. 52-56 C.E.
caesarea,PÃ²l ann an grÃ¨im ann an Cesarea c. 56-58 C.E.,,Paul in custody in Caesarea c. 56-58 C.E.
rome1,Aâ€™ chiad phrÃ¬osan aig PÃ²l anns an RÃ²imh c. 59-61 C.E.,,Paulâ€™s first imprisonment in Rome c. 59-61 C.E.
rome2,"dara prÃ¬osan PhÃ²il anns an RÃ²imh c. 65 CE, 2 Timoteus sgrÃ¬obhta, PÃ²l a chur gu bÃ s",,"Paulâ€™s second imprisonment in Rome c. 65 CE, 2 Timothy written, Paul executed"
Julius,Julius,,Julius
Augustus,Augustus,Luke 2:1,Augustus
Tiberius,Tiberius,Luke 3:1,Tiberius
Caligula,Caligula,,Caligula
Claudius,Claudius,Acts 11:28,Claudius
Nero,Nero,,Nero
Galba-Otho-Vitellius,"Galba, Otho agus Vitellius (Bliadhna nan Ceithir Impirean)",,"Galba, Otho and Vitellius (Year of the Four Emperors)"
Vespasian,Vespasian,,Vespasian
event_exodus,"Ecsodus Ã s an Ãˆiphit air 14mh Nisan, 1513 BCE",,"Exodus from Egypt on Nisan 14th, 1513 B.C.E."
event_division_kingdom,Roinn Israel 997 BCE,,Division of Israel 997 BCE
event_destruction_samaria,Sgrios Samaria 740 BCE le Asiria,Destruction of Samaria 740 B.C.E. by Assyria,Destruction of Samaria 740 B.C.E. by Assyria
event_destruction_samaria2,740 B.C.E. le Asiria,was shortened here for 2 lines,740 B.C.E. by Assyria
event_destruction_jerusalem1,"sgrios Ierusalem 607 BCE le Babilon, 390 bliadhna an dÃ¨idh sgaradh na rÃ¬oghachd (Eseciel 4: 5)",,"Destruction of Jerusalem 607 B.C.E. by Babylon, 390 years after the division of the kingdom (Ezekiel 4:5)"
event_temple_rebuilt,Teampall ann an Ierusalem air ath-thogail ann an 515 BCE,,Temple in Jerusalem rebuilt 515 B.C.E.
event_jerusalem_rebuilt,Balla Ierusalem air ath-thogail 455 BCE,,Jerusalem wall rebuilt 455 B.C.E.
event_destruction_jerusalem2,Milleadh Ierusalem 70 CE leis an RÃ²imh fo Thitus,,Destruction of Jerusalem 70 C.E. by Rome under Titus
event_1914,"Deireadh Ã m nan dÃ¹thchannan (Luke 21:24), tha rÃ¬oghachd DhÃ¨ aâ€™ tÃ²iseachadh aâ€™ riaghladh air neamh 1914 CE.",include scripture Luke 21:24,"End of the time of the nations (Luke 21:24), Godâ€™s kingdom starts to rule in heaven 1914 C.E. "
became_king,rinneadh righ air aois,,became king at age
vulgate,Vulgate air a chrÃ¬ochnachadh le Jerome (eadar-theangachadh Laideann den BhÃ¬oball) c. 405 C.E.,,Vulgate completed by Jerome (Latin translation of the bible) c. 405 C.E.
gutenberg,BÃ¬oball Gutenberg air a chlÃ²-bhualadh 1455,,Gutenberg bible printed 1455
erasmus,Teacs GrÃ¨igeach de na Sgriobtairean GrÃ¨igeach CrÃ¬osdail air fhoillseachadh le Desiderius Erasmus Ã  Rotterdam 1516,,Greek text of Christian Greek Scriptures published by Desiderius Erasmus of Rotterdam 1516
luther,Eadar-theangachadh BÃ¬oball Luther san t-Sultain 1522,,Luther Bible translation in September 1522
tyndale,Eadar-theangachadh BÃ¬oball Beurla le Tyndale 1536,,English Bible translation by Tyndale 1536
king_james,BÃ¬oball RÃ¬gh Seumas 1611,,King James Bible 1611
69weeks3,"Bidh Iosa aâ€™ tÃ²iseachadh a sheirbheis 29 CE (Lucas 3: 1, 21)",,"Jesus starts his service 29 CE (Luke 3:1, 21)"
ransom,meadhan na seachdain â€œÃ¬obairt gu sgurâ€ Daniel 9:27,,middle of week â€œsacrifice to ceaseâ€ Daniel 9:27
cornelius,Bhaisteadh Cornelius aig deireadh 70 seachdainean (Daniel 9:24) ann an 36 CE.,,Cornelius baptized at the end of 70 weeks (Daniel 9:24) in 36 C.E.
columbus,deireadh na h-Ã¹ine ro-cholumbach ann an Ameireagaidh 1492,,end of the pre-columbian period in the Americas 1492
declaration_independence,foillseachadh neo-eisimeileachd 13 coloinidhean ann an Ameireagaidh 1776,,declaration of independence of 13 colonies in America 1776
tischendorf,Lorg Tischendorf an Codex Sinaiticus bhon 4mh linn ann an 1844,,Tischendorf discovers the Codex Sinaiticus from the 4th century in 1844
dead_sea_scrolls,Scrolls Dead Sea sgrÃ¬obhte,,Dead Sea Scrolls written
septuagint,Septuagint LXX air eadar-theangachadh,,Septuagint LXX translated
watchtower,Tha aâ€™ chiad iris de â€œZionâ€™s Watch Tower and Herald of Christ's Presenceâ€ air fhoillseachadh ann an 1879,,The first issue of â€œZionâ€™s Watch Tower and Herald of Christâ€™s Presenceâ€ is published in 1879
photodrama,Tha an â€œPhoto-Drama of Creationâ€ ri fhaicinn an toiseach ann an New York air 11 Faoilleach 1914,,"The â€œPhoto-Drama of Creationâ€ is first shown in New York on January 11, 1914"
jehovahs_witnesses,"Ghabh Oileanaich aâ€™ BhÃ¬obaill ri ainm Ã¹r â€“ Fianaisean IehÃ²bha (Isaiah 43:10, 12) ann an Columbus, Ohio, 1931",include scripture,"The Bible Students adopted a new name â€“ Jehovahâ€™s Witnesses (Isaiah 43:10, 12) in Columbus, Ohio, 1931"
gilead_school,"ThÃ²isich Sgoil BhÃ¬oball Watchtower ann an Gilead air Diluain, 1 Gearran, 1943",,"Watchtower Bible School of Gilead began on Monday, February 1, 1943"
new_world_translation1,"Tha â€œNew World Translation of the Holy Scripturesâ€ a chaidh fhoillseachadh ann am Manchester, Sasainn air 18 Ã’gmhios, 1960, aâ€™ toirt a-steach an t-ainm Ieh `obhah ann am mÃ²ran phÃ irtean den BhÃ¬oball",hightlight reintroduction of Jehovahâ€™s name,"â€œNew World Translation of the Holy Scripturesâ€ released in Manchester, England on June 18, 1960, reintroduce the name Jehovah in many parts of the Bible"
truth_book,Chaidh an leabhar â€œThe Truth That Leads to Eternal Lifeâ€ fhoillseachadh ann an 1968,,The book â€œThe Truth That Leads to Eternal Lifeâ€ released 1968
metropolitan,TÃ²isichidh fianais metropolitan ann an 2011,,Start of metropolitan witnessing in 2011
jw_org,TÃ²iseachadh JW.ORG le stiÃ¹ireadh ann am ministrealachd na rÃ¬oghachd DÃ¹bhlachd 2012,,Start of JW.ORG with instructions in kingdom ministry December 2012
new_world_translation2,"â€œEadar-theangachadh Cruinne Ã™r de na Sgriobtairean Naoimhâ€ ath-sgrÃ¹daichte air fhoillseachadh aig coinneamh bhliadhnail 2013, air a bharrrachadh airson a chleachdadh gu didseatach agus air-loidhne",new edition with digital and online in mind,"Revised â€œNew World Translation of the Holy Scripturesâ€ released at annual meeting 2013, optimized to be used digitally and online"
jw_broadcasting,TÃ²isichidh jw.chraoladh san DÃ mhair 2014,,Start of jw.broadcasting in October 2014
meeting_workbook,Cruth Ã¹r de choinneamh meadhan-seachdain le â€œleabhar-obrach coinneimhâ€ aâ€™ tÃ²iseachadh san Fhaoilleach 2016,,New format of midweek meeting with â€œmeeting workbookâ€ starting January 2016
covid19,Covid 19,,Covid-19
cold_war,Suidheachadh geopolitical leis an ainm â€œCogadh Fuarâ€ 1945-1991,,Geopolitical situation labeled â€œCold Warâ€ 1945-1991
timeline_created,"Chaidh an loidhne-tÃ¬m seo a chruthachadh ann an 2023, aâ€™ bhliadhna as teotha ann an eachdraidh aâ€™ chinne-daonna agus na 125,000 bliadhna mu dheireadh.",,"This timeline was created in 2023, the hottest year in human history and the last 125,000 years"
codex_sinaiticus,Codex Sinaiticus sgrÃ¬obhte,,Codex Sinaiticus written
codex_vaticanus,Codex Vaticanus sgrÃ¬obhte,,Codex Vaticanus written
leningrad_codex,Leningrad Codex sgrÃ¬obhte ann an Cairo AD 1008,,Leningrad Codex written in Cairo AD 1008
john,Bidh Iain aâ€™ sgrÃ¬obhadh â€œtaisbeanaidhâ€ fhad â€˜s a bha e na fhÃ²garrach air Patmos 96-98 CE.,,John writes â€œrevelationâ€ while exiled on Patmos 96-98 C.E.
nicaea1,Ciad Chomhairle Nicaea,,First Council of Nicaea
buddha,An Buddha â€“ Siddhartha Gautama c.563-c.483 BCE,,The Buddha â€“ Siddhartha Gautama c.563-c.483 B.C.E
buddha2,no Buddha c. 480-400 B.C.E.,,Buddha alternatively c. 480-400 B.C.E.
mohammed,Mohamed c. 570-632 C.E.,,Mohammed c. 570-632 C.E.
confucius,Confucius c.551-c.479 B.C.E.,,Confucius c.551-c.479 B.C.E.
hijrah,Hijrah - Turas Mecca gu Medina 16 Iuchar 622,,Hijrah - Journey Mecca to Medina 16 July 622
moses_escape,"1553 B.C.E. Feumaidh Maois teicheadh â€‹â€‹â€‹â€‹bhon Ãˆiphit - Ecsodus 2:15, Achdan 7:23",,"1553 B.C.E. Moses has to escape Egypt â€“ Exodus 2:15, Acts 7:23"
10plagues,1513 BCE Tha an Ãˆiphit aâ€™ faighinn 10 plÃ ighean,,1513 B.C.E Egypt receives 10 plagues
joseph_sold,Reic IÃ²saph mar thrÃ ill aig aois 17 - Gen 37: 2,,Joseph sold as slave at the age of 17 â€“ Gen 37:2
infliction,Cuilbheart 400 bliadhna (Achdan 7: 6) - Ishmael 1913 BCE,,400 year infliction (Acts 7:6) â€“ Ishmael 1913 B.C.E
Alexander,Alasdair MÃ²r (Daniel 11:3),,Alexander the Great (Daniel 11:3)
persia,"Cyrus the Great, Cambyses II, Darius I 490 BCE, Xerxes I 480 BCE (fear aig Esther, Daniel 11: 2)",,"Cyrus the Great, Cambyses II, Darius I 490 BCE, Xerxes I 480 BCE (husband of Esther, Daniel 11:2)"
persia2,Phersia,,Persia
king_north,"Seleucus I Nicator (v5) Siria gu Antiochus III (v10) agus Seleucus IV (v18, 19) sÃ¬os gu Octavian (v20) agus Tiberius (v21-24)",,"Seleucus I Nicator (v5) Syria to Antiochus III (v10) and Seleucus IV (v18, 19) down to Octavian (v20) and Tiberius (v21-24)"
king_north1,RÃ¬gh a' Chinn a Tuath,,King of the North
king_south,"Ptolemy I, II, III, IV (v11, 12), V (v15, 16) don bhlÃ r Actium 31 BCE.",,"Ptolemy I, II, III, IV (v11, 12), V (v15, 16) to the battle Actium 31 B.C.E."
king_south1,RÃ¬gh a' Chinn a Deas,,King of the South
king_south2,"ÃŒmpireachd Bhreatainn 1870, Cumhachd Cruinne Angla-Ameireaganach bho 1914",,"British empire 1870, Anglo-American World Power since 1914"
king_south3,RÃ¬gh a' Chinn a Deas,,King of the South
king_north2,"A' Ghearmailt leis an Impire Uilleam I 1871 (v28), 1914 (v29), 1935 (v30b), 1939 (v31a)",,"Germany with Emperor William I 1871 (v28), 1914 (v29), 1935 (v30b), 1939 (v31a)"
king_north3,Tuath,,North
king_north4,"An t-Aonadh SÃ²bhieteach 1945-1991 (Daniel 11:32-39, 40b, 41)",,"Soviet Union 1945-1991 (Daniel 11:32-39, 40b, 41)"
king_north5,An Ruis bho 2017 (w20 CÃ¨itean),,Russia since 2017 (w20 May)
time_of_end,"LÃ thaireachd ChrÃ¬osd, Co-dhÃ¹nadh siostam nan rudan (Mata 24:3), na lÃ ithean mu dheireadh (2 TimÃ²teus 3:1)",scriptures written out,"Presence of Christ, Conclusion of the system of things (Matthew 24:3), the last days (2 Timothy 3:1)"
time_of_end2,lÃ ithean mu dheireadh,,last days
suryavaman2,Bidh an RÃ¬gh Suryavarman II aâ€™ togail Angkor Wat 1113-1150,,King Suryavarman II builds Angkor Wat 1113-1150
notre-dame,Notre-Dame de Paris air a thogail 1163-1260,,Notre-Dame de Paris built 1163-1260
jehoiada,Iehoiada,2 Kings 11:4,Jehoiada
babel,tÃ¹r Bhabel air a thogail,,tower of Babel built
Haggai,Hagai,,Haggai
Zerubbabel,Soirbheas (LÃ¹cas 3:27),Luke 3:27,Zerubbabel (Luke 3:27)
Babylon,"Daniel 2:32, 36-38; 7:4",,"Daniel 2:32, 36-38; 7:4"
Medopersia,"Daniel 2:32, 39; 7:5",,"Daniel 2:32, 39; 7:5"
Greece,"Daniel 2:32, 39; 7:6",,"Daniel 2:32, 39; 7:6"
Rome,"Daniel 2:33, 40; 7:7",,"Daniel 2:33, 40; 7:7"
Angloamerica,"Daniel 2:33, 41-43",,"Daniel 2:33, 41-43"
Babylon_c,Babilon,,Babylon
Medopersia_c,Medo-Persia,,Medo-Persia
Greece_c,A' GhrÃ¨ig,,Greece
Rome_c,RÃ²imh,,Rome
Angloamerica_c,Angla-Ameireagaidh,,Anglo-America
infliction1,400 bliadhna de dhuilgheadas,Acts 7:6,400 year infliction
infliction2,GnÃ¬omharan 7:6,,Acts 7:6
Jacob2,Iacob/,Jacob/Israel 1858-1711 â€“ 147 years,Jacob/
Israel,Iosrael,Genesis 35:10,Israel
Sarah,Sarah,"2008-1881 BCE â€“ 127 years, Isaiah 51:2",Sarah
Hagar,Hagar,Genesis 21:14,Hagar
Haran,Haran,Genesis 11:26,Haran
Reumah,Reumah,Concubine â€“ 4 sons 22:24,Reumah
Milcah,Milcah,8 sons (Bethuel and 7 more),Milcah
Lot,Lot,Genesis 11:27,Lot
Lots_wife,Bean Lot,,Lotâ€™s wife
Lots_daughters,Nighean Lot,,Daughters of Lot
Moab,Moab (nighean as sine),Genesis 19:37,Moab (older daughter)
Ammon,Ben-ammi (Ammon),Genesis 19:38,Ben-ammi (Ammon)
Bethuel,Bethuel,Genesis 22:23,Bethuel
Rebekah,Rebecah,,Rebekah
Laban,Laban,Genesis 24:29,Laban
Leah,Leah,Genesis 35:23,Leah
Rachel,Raonaid,Genesis 35:24,Rachel
Bilhah,Bilhah,Genesis 35:25,Bilhah
Zilpah,Silpah,Genesis 35:26,Zilpah
Reuben,Reubein,,Reuben
Simeon,Simeon,,Simeon
Levi,Lebhi,Genesis 35:23,Levi
Judah,Iudah,,Judah
Issachar,Isachar,,Issachar
Zebulun,Sebulun,,Zebulun
Dinah,Dinah,Genesis 34,Dinah
Esau,Esau/,,Esau/
Edom,Edom,Genesis 36:1,Edom
Ishmael,Ishmael,Genesis 16:16,Ishmael
Manasseh2,(Manaseh,Genesis 41:50-52,(Manasseh
Ephraim,agus Ephraim),,and Ephraim)
Benjamin,Beniamin,,Benjamin
Dan,Dan,Genesis 35:23,Dan
Naphtali,Naphtali,,Naphtali
Gad,Gad,,Gad
Asher,Asher,,Asher
Milcah1,"Uz, Buz, Cemuel,",Genesis 22:21,"Uz, Buz, Kemuel,"
Milcah2,"TÃ ileasg, Hazo,",,"Chesed, Hazo,"
Milcah3,"Pildash, Jidlaph",,"Pildash, Jidlaph"
Tebah,Tebah,Genesis 22:24,Tebah
Gaham,Gaham,,Gaham
Tahash,Tahais,,Tahash
Maacah,Maacah,,Maacah
Mahalath,Mahalath/,"Genesis 28:8, 9",Mahalath/
Basemath,Basemat,"Genesis36:3, 4",Basemath
Reuel,Reuel,"36:13, 17",Reuel
Nahath,Nahat,,Nahath
Zerah,SÃ¨arah,,Zerah
Schammah,Schammah,,Schammah
Mizzah,Mizzah,,Mizzah
Adah,Adah,"36:11, 12, 15, 16",Adah
Eliphaz,Eliphas,,Eliphaz
Teman,Teman,,Teman
Omar,Omar,,Omar
Zepho,Zepho,,Zepho
Kenaz,Ceanas,,Kenaz
Korah,Corah,,Korah
Gatam,Gatam,,Gatam
Amalek,Amalec,,Amalek
Oholibamah,Oholibamah,"36:14, 18",Oholibamah
Jeush,Iuisg,,Jeush
Jalam,Ialam,,Jalam
Nebaioth,Nebaioth,Genesis 25:13,Nebaioth
Kedar,Cedar,,Kedar
Adbeel,Adbeel,,Adbeel
Mibsam,Mibsam,,Mibsam
Mishma,Mishma,,Mishma
Dumah,Dhumah,,Dumah
Massa,Masa,,Massa
Hadad,Hadad,,Hadad
Tema,Cuspair,,Tema
Jetur,Jetur,,Jetur
Naphish,Naphish,,Naphish
Kedemah,Cedemah,,Kedemah
Babylon2, ,no text left and right â€“ empty!, 
terahfam,buill de theaghlach Therah,,members of Terahâ€™s family
rosetta,Rosetta stone 196 B.C.E.,,Rosetta stone 196 B.C.E.
Herodotus,"Herodotus c. 484 - c. 425 RC, aâ€™ sgrÃ¬obhadh Na Eachdraidhean",Father of History,"Herodotus c. 484 â€“ c. 425 BC, writes The Histories"
Aristotle,Aristotle 384 â€“ 322 RC,"The First Teacher, The Philosopher",Aristotle 384 â€“ 322 BC
Ptolemy,Ptolemy c 100 â€“ c. 170 C.E.,,Ptolemy c 100 â€“ c. 170 C.E.
Pythagoras,Pythagoras c. 570 - c. 495 R.C,,Pythagoras c. 570 â€“ c. 495 BC
Plato,Plato c. 427 - c. 348 R.C,,Plato c. 427 â€“ c. 348 BC
Socrates,Socrates c. 470 - c. 399 R.C,,Socrates c. 470 â€“ c. 399 BC
Josephus,IÃ²saph c. 37 - c. 100 CE.,,Josephus c. 37 â€“ c. 100 C.E.
Cicero,Cicero 106â€“43 RC,"influence on Latin language, 3 Jan 106 BC â€“ 7 Dec 43 BC",Cicero 106â€“43 BC
lachish_letters,Litrichean Lachis c. 590 B.C.E.,,Lachish letters c. 590 B.C.E.
lachish_reliefs,Faochadh Lachish c. 681 B.C.E.,,Lachish reliefs c. 681 B.C.E.
mesha_stele,Mesha Stele (clach Mhoabite) c. 840 B.C.E.,,Mesha Stele (Moabite stone) c. 840 B.C.E.
gilgamesh,Gilgamesh agus Aga,,Gilgamesh and Aga ð’‡½ð’†¥ð’„„ð’€€ð’€ð’‚µ
epic_gilgamesh,Epic of Gilgamesh (SÃ®n-lÄ“qi-unninni),,Epic of Gilgamesh (SÃ®n-lÄ“qi-unninni)
oxyrhynchus,Oxyrhynchus Papyri,,Oxyrhynchus Papyri
p52,PÃ ipear P52,,Papyrus P52
daniel2_shift,0,Start 4.2,0
daniel2_1,RÃ¬gh Nebuchadnesar,607 BCE,King Nebuchadnezzar
daniel2_2,sgriosar lerusalem,,destroys Jerusalem
daniel2_3,A 'toirt buaidh air Babilon,539 BCE,Conquers Babylon
daniel2_4,Tha Ã²rdughan Cyrus a 'tilleadh,537 BCE,Cyrus decrees return
daniel2_5,nan Iudhach gu lerusalem,,of Jews to Jerusalem
daniel2_6,Alasdair MÃ²r,331 BCE,Alexander the Great
daniel2_7,a' toirt buaidh air Persia,,conquers Persia
daniel2_8,riaghailtean air Israel,63 BCE,Rules over Israel
daniel2_9,A' sgrios lerusalem,70 CE,Destroys Jerusalem
daniel2_10,"Aig Ã m a' Chiad Chogaidh,",1914-1918 CE,"During World War I,"
daniel2_11,Cumhachd Cruinne Angla-Ameireaganach,,Anglo-American World Power
daniel2_12,aâ€™ tighinn gu bith,End 4.2,comes into being
qing-dynasty,1636-1912,,1636-1912
qing-dynasty_c,sliochd Qing,1636-1912,Qing dynasty
ming-dynasty,1368-1644,,1368-1644
ming-dynasty_c,Ming sliochd ann an Ã¬mpireil SÃ¬ona,1368-1644,Ming dynasty in imperial China
yuan-dynasty,1271-1368,,1271-1368
southern-song,1127-1279,,1127-1279
northern-song,960-1127,,960-1127
western-xia,1038-1227,,1038-1227
yuan-dynasty_c,Yuan,1271-1368,Yuan
southern-song_c,Ã’ran a Deas,1127-1279,Southern Song
northern-song_c,Ã’ran a Tuath,960-1127,Northern Song
western-xia_c,Xia an Iar,1038-1227,Western Xia
Copernicus,Nicolaus Copernicus,,Nicolaus Copernicus
Galileo,Galileo Ghalile,Galileo di Vincenzo Bonaiuti de' Galilei,Galileo Galilei
Newton,Isaac Newton,,Isaac Newton
gregorian,MÃ¬osachan Gregorian 1582,,Gregorian calendar 1582
shang-dynasty,c. 1600-1046 RC,,c. 1600-1046 BC
western-zhou,c. 1046-771 RC,,c. 1046-771 BC
eastern-zhou,770-256 RC,,770-256 BC
qin-dynasty,Qin 221-207 RC,,Qin 221-207 BC
western-han,207 RC - 9 CE,,207 BC â€“ 9 CE
eastern-han,25-220 CE,,25-220 CE
three-kingdoms,TrÃ¬ rÃ¬oghachdan 220-280 CE,,Three kingdoms 220-280 CE
sixteen-kingdoms,Sia rÃ¬oghachdan deug 304-439 CE,,Sixteen kingdoms 304-439 CE
northern-dynasties,368-581 CE,,368-581 CE
southern-dynasties,420-589 CE,,420-589 CE
tang-dynasty1, ,, 
tang-dynasty2,"618-690, 705-907",,"618-690, 705-907"
wu-zhou,690-705 Wu Zhou,,690-705 Wu Zhou
shang-dynasty_c,Sliochd Shang,c. 1600-1046 BC,Shang Dynasty
western-zhou_c,Zhou an Iar,c. 1046-771 BC,Western Zhou
eastern-zhou_c,Zhou an Ear,770-256 BC,Eastern Zhou
western-han_c,Han an Iar,207 BC â€“ 9 CE,Western Han
eastern-han_c,Han an Ear,25-220 CE,Eastern Han
three-kingdoms_c,SÃ¬ona,Three kingdoms 220-280 CE,China
sixteen-kingdoms_c,SÃ¬ona,Sixteen kingdoms 304-439 CE,China
northern-dynasties_c,Dynasties a Tuath,368-581 CE,Northern Dynasties
southern-dynasties_c,Dynasties a Deas,420-589 CE,Southern Dynasties
tang-dynasty1_c,Tang,,Tang
tang-dynasty2_c,Sliochd Tang,"618-690, 705-907",Tang Dynasty
xia-dynasty,Sliochd Xia ann an SÃ¬ona c. 2070 - c. 1600 RC,,Xia dynasty in China c. 2070 â€“ c. 1600 BC
gonghe,Gonghe Regency 841-828 RC,,Gonghe Regency 841-828 BC
Ashoka,Tha Ashoka (c. 304-232 RC) aâ€™ brosnachadh BÃ¹dachas,,Ashoka (c. 304-232 BC) promotes Buddhism
siloam-tunnel,Tha Heseciah aâ€™ leudachadh tunail Siloam,c. 742-732 BC,Hezekiah extends Siloam tunnel
Angloamerica2,"Tha Angla-Ameireaganach air a shamhlachadh le casan iarainn measgaichte le crÃ¨adh anns an fhÃ isneachd ann an Daniel 2: 33, 41-43",,"Anglo-American is symbolized by the feet of iron mixed with clay in the prophecy in Daniel 2:33, 41-43"
Manetho,Bidh Manetho aâ€™ sgrÃ¬obhadh Aegyptiaca,,Manetho writes Aegyptiaca
tribulation,"An Trioblachadh MÃ²r (Marc 13:19; Daniel 12:1; Mata 24:21, 22)",,"The Great Tribulation (Mark 13:19; Daniel 12:1; Matt 24:21, 22)"
destruction_babylon,"Milleadh Bhabiloin MÃ²r (Taisbeanadh 17: 3, 15-18; 18: 9, 10)",beginning of great tribulation (GT),"Destruction of Babylon the Great (Revelation 17:3, 15-18; 18:9, 10)"
gog_of_magog,"Ionnsaigh air Gog of Magog (Eseciel 38: 1, 2, 9-12, 18-23)",end of GT,"Attack of Gog of Magog (Ezekiel 38:1, 2, 9-12, 18-23)"
sheep_goat,"Bithear aâ€™ breithneachadh luchd-cÃ²mhnaidh na Talmhainn, aâ€™ sgaradh chaorach is ghobhar (Mata 25: 31-33)",end of GT,"Earthâ€™s inhabitants will be judged, separating sheep and goats (Matthew 25:31-33)"
annointed,Aâ€™ cruinneachadh luchd-riaghlaidh na RÃ¬oghachd (Mata 24:31; 1 Corintianaich 15:50-53; 1 TesalÃ²nianaich 4:15-17),end of GT,Gathering of Kingdom rulers (Matthew 24:31; 1 Corinthians 15:50-53; 1 Thessalonians 4:15-17)
armageddon,"BlÃ r Armageddon (Taisbeanadh 16:14, 16; Isaiah 13:9; 2 Peadar 3:12)",end of system of things,"Battle of Armageddon (Revelation 16:14, 16; Isaiah 13:9; 2 Peter 3:12)"
millenium,"Bidh RÃ¬oghachd DhÃ¨ aâ€™ tÃ²iseachadh a riaghladh 1000-bliadhna (Taisbeanadh 5: 9, 10; 20: 4, 6)",,"Godâ€™s Kingdom begins its 1000-year reign (Revelation 5:9, 10; 20:4, 6)"
great_crowd,"Tha sluagh mÃ²r aâ€™ tighinn beÃ² Armageddon (Taisbeanadh 7: 9, 14; Salm 37: 9-11)",,"A great crowd survives Armageddon (Revelation 7:9, 14; Psalm 37:9-11)"
world_population,Ã€ireamh-sluaigh na cruinne ann am billeanan anns na 2000 bliadhna a dhâ€™ fhalbh,,World population in billions in the last 2000 years
607BCE,607 B.C.E.,accommodate for language,607 B.C.E.
539BCE,539 B.C.E.,systems in style:,539 B.C.E.
537BCE,537 B.C.E.,>>year 537 before time<<,537 B.C.E.
331BCE,331 B.C.E.,so they need a word,331 B.C.E.
63BCE,63 B.C.E.,prior to the year,63 B.C.E.
70CE,70 C.E.,and something,70 C.E.
1914CE,1914-1918 C.E.,after the year,1914-1918 C.E.
khmer_empire,804 - 1431 CE.,,804 â€“ 1431 C.E.
khmer_empire_c,ÃŒmpireachd Khmer - Ã m Angkor,,Khmer Empire - Angkor period
byzantine_empire,330-1453 C.E.,,330-1453 C.E.
byzantine_empire_c,An ÃŒmpireachd Byzantine,,Byzantine Empire
ottoman_empire,1299 - 1922 C.E.,,1299 â€“ 1922 C.E.
ottoman_empire_c,ÃŒmpireachd Ottoman,,Ottoman Empire
holy_roman_empire,800 â€“ 924 CE.,,800 â€“ 924 C.E.
holy_roman_empire2,862 - 1806 CE.,,862 â€“ 1806 C.E.
holy_roman_empire_c,ÃŒmpireachd Naomh RÃ²manach â€“ Ã s dÃ¨idh 1512 ÃŒmpireachd Naomh RÃ²manach NÃ isean na Gearmailt,,Holy Roman Empire â€“ after 1512 Holy Roman Empire of the German Nation
mongol_empire,ÃŒmpireachd nam Mongol 1206 â€“ 1294 CE.,,Mongol Empire 1206 â€“ 1294 C.E.
Genghis,Genghis Khan,,Genghis Khan
maya_classic,250-950,,250-950
maya_classic_c,SÃ¬obhaltachd Maya - Ã m clasaigeach,,Maya civilization â€“ classic period
maya_postclassic,950-1539,,950-1539
maya_postclassic_c,SÃ¬obhaltachd Maya - Ã m postclassic,,Maya civilization â€“ postclassic period
inca_empire,1438 - 1533 CE.,,1438 â€“ 1533 C.E.
inca_empire_c,Impireachd Inca,,Inca empire
gupta_empire,319 - 550 CE.,,319 â€“ 550 C.E.
gupta_empire_c,Gupta Ã¬mpireachd,,Gupta empire
Teotihuacan,"am baile as motha ann an Ameireagaidh, bidh pioramaidean aâ€™ togail c. 200 CE.",,"largest city in the Americas, pyramids build c. 200 C.E."
Teotihuacan_c,Teotihuacan,,Teotihuacan
Dionysius_Exiguus,"Dionysius Exiguus, innleadair Anno Domini",,"Dionysius Exiguus, inventor of Anno Domini"
Umayyad,661 - 750 CE.,,661 â€“ 750 C.E.
Umayyad_c,Umayyad,,Umayyad
Abbasid,750 - 1258 CE.,,750 â€“ 1258 C.E.
Abbasid_c,Abbasid Caliphate,,Abbasid Caliphate
Mamluk,1250 â€“ 1517 CE.,,1250 â€“ 1517 C.E.
Mamluk_c,Mamluk Sultanate,,Mamluk Sultanate
ur3,Sliochd Ur III ð’‹€ð’€•ð’† ,,Ur III dynasty ð’‹€ð’€•ð’† 
hammurabi,Hammurabi ð’„©ð’„ ð’ˆ¬ð’Šð’‰,,Hammurabi ð’„©ð’„ ð’ˆ¬ð’Šð’‰
Al-Khwarizmi,bidh al-Khwarizmi aâ€™ sgrÃ¬obhadh Al-Jabr (Algebra),,al-Khwarizmi writes Al-Jabr (Algebra)
al-azhar,Tha Oilthigh Al-Azhar stÃ¨idhichte ann an Cairo,,Al-Azhar University is established in Cairo
Ibn-Sina,Ibn Sina o Avicenna,,Ibn Sina or Avicenna
Al-Ghazali,Al-Ghazali,,Al-Ghazali
